Channel,Counts
0,1420
1,1922
2,2387
3,10602
4,30547
5,11780
6,3992
7,3370
8,3522
9,3804
10,4152
11,4356
12,4548
13,4564
14,4730
15,4750
16,4870
17,4984
18,4974
19,4942
20,4951
21,5028
22,5022
23,4992
24,4929
25,4904
26,4915
27,5020
28,4848
29,4918
30,4806
31,4976
32,5077
33,4865
34,5015
35,4885
36,5048
37,4932
38,4861
39,4876
40,4953
41,4980
42,5009
43,4778
44,4932
45,4788
46,4993
47,5154
48,5211
49,5337
50,5511
51,5418
52,5352
53,5379
54,5586
55,5361
56,5481
57,5344
58,5253
59,5116
60,4932
61,4885
62,4763
63,4805
64,4929
65,4914
66,4679
67,4764
68,4726
69,4655
70,4733
71,4848
72,4892
73,4713
74,4812
75,4827
76,4867
77,4892
78,4892
79,5064
80,5226
81,5351
82,5346
83,5429
84,5668
85,5797
86,5930
87,6198
88,6338
89,6675
90,6783
91,7140
92,7676
93,8000
94,8329
95,8564
96,8877
97,9165
98,9442
99,9889
100,10231
101,10443
102,10947
103,11432
104,12214
105,12868
106,13816
107,15601
108,18515
109,22575
110,27307
111,32253
112,35468
113,36028
114,34876
115,33359
116,33182
117,32432
118,30170
119,25806
120,19789
121,13214
122,9400
123,7838
124,7605
125,8211
126,8839
127,10429
128,11951
129,12742
130,12806
131,12869
132,12985
133,13066
134,13130
135,12985
136,11501
137,10102
138,8564
139,7962
140,7556
141,6989
142,6887
143,6889
144,6953
145,7039
146,7056
147,7374
148,7437
149,7597
150,7547
151,7659
152,7776
153,7670
154,7810
155,7819
156,7906
157,7806
158,7944
159,8056
160,7905
161,7941
162,8125
163,8050
164,8206
165,8217
166,8327
167,8493
168,8509
169,8930
170,9233
171,9424
172,9735
173,9576
174,9891
175,10152
176,10928
177,11030
178,11346
179,10903
180,10752
181,10910
182,10872
183,11047
184,11205
185,10737
186,10976
187,11614
188,13320
189,16306
190,20149
191,23078
192,22754
193,21535
194,20715
195,20529
196,21253
197,21249
198,19359
199,15176
200,11160
201,9303
202,8505
203,8498
204,8610
205,8607
206,8345
207,8534
208,8633
209,8381
210,8068
211,7930
212,7745
213,7835
214,7745
215,7736
216,7669
217,7578
218,7514
219,7552
220,7699
221,7588
222,7514
223,7818
224,7767
225,7798
226,7900
227,8033
228,7881
229,7923
230,7979
231,7955
232,8031
233,7973
234,8053
235,8058
236,7964
237,7951
238,7883
239,8142
240,8181
241,8115
242,8290
243,8217
244,8185
245,8245
246,8362
247,8546
248,8510
249,8535
250,8594
251,8780
252,8928
253,9088
254,8867
255,9377
256,9608
257,9726
258,9941
259,10367
260,10394
261,10600
262,11017
263,11198
264,11478
265,11831
266,11584
267,11821
268,12003
269,11788
270,11776
271,11926
272,11725
273,11861
274,11741
275,11735
276,11598
277,11423
278,11316
279,11357
280,11070
281,11171
282,10857
283,10810
284,10754
285,10626
286,10683
287,10461
288,10645
289,10405
290,10477
291,10558
292,10546
293,10434
294,10479
295,10318
296,10049
297,10038
298,9876
299,9726
300,9844
301,9684
302,9586
303,9525
304,9449
305,9466
306,9236
307,9321
308,9342
309,9099
310,9041
311,9109
312,9027
313,9178
314,9127
315,8997
316,9104
317,8960
318,8955
319,9156
320,8941
321,8757
322,9176
323,9132
324,8984
325,9362
326,9373
327,9252
328,9214
329,9239
330,9447
331,9430
332,9415
333,9328
334,9481
335,9336
336,9409
337,9271
338,9351
339,9413
340,9533
341,9501
342,9338
343,9323
344,9329
345,9296
346,9263
347,9368
348,9200
349,9235
350,9119
351,9107
352,8955
353,8937
354,9077
355,8949
356,8937
357,9022
358,8792
359,8801
360,8622
361,8578
362,8622
363,8583
364,8620
365,8578
366,8639
367,8317
368,8243
369,8296
370,8414
371,8279
372,8285
373,8486
374,8307
375,8241
376,8348
377,8171
378,8117
379,8141
380,8088
381,8166
382,8233
383,8103
384,8296
385,8340
386,8156
387,8284
388,8251
389,8358
390,8294
391,8144
392,8225
393,8159
394,8258
395,8200
396,8221
397,8244
398,8080
399,8062
400,8051
401,8025
402,8149
403,8166
404,7946
405,7687
406,7901
407,7640
408,7780
409,7579
410,7764
411,7712
412,7781
413,7689
414,7623
415,7649
416,7730
417,7602
418,7535
419,7340
420,7484
421,7425
422,7504
423,7513
424,7390
425,7426
426,7471
427,7426
428,7377
429,7495
430,7259
431,7393
432,7389
433,7564
434,7419
435,7797
436,8037
437,8254
438,8791
439,9579
440,10198
441,11262
442,12740
443,14702
444,17828
445,22891
446,32172
447,49222
448,71396
449,87883
450,91221
451,85529
452,80758
453,78906
454,80379
455,80606
456,71899
457,51221
458,28497
459,13545
460,7366
461,5848
462,5571
463,5694
464,5798
465,5659
466,5739
467,5782
468,5916
469,5903
470,5825
471,5631
472,5799
473,5940
474,5684
475,5758
476,5754
477,5647
478,5768
479,5807
480,5793
481,5693
482,5824
483,5738
484,5837
485,5693
486,5732
487,5876
488,5916
489,5856
490,5722
491,5834
492,5790
493,5774
494,5587
495,5767
496,5660
497,5750
498,5709
499,5675
500,5563
501,5644
502,5550
503,5599
504,5685
505,5535
506,5520
507,5635
508,5551
509,5394
510,5596
511,5539
512,5462
513,5585
514,5486
515,5501
516,5463
517,5287
518,5478
519,5570
520,5510
521,5539
522,5893
523,6215
524,6421
525,7052
526,7590
527,8160
528,8257
529,8110
530,7914
531,7827
532,7647
533,7575
534,7132
535,6461
536,5659
537,5042
538,4968
539,4823
540,4771
541,4987
542,4649
543,4721
544,4692
545,4776
546,4689
547,4606
548,4576
549,4596
550,4564
551,4643
552,4392
553,4423
554,4476
555,4572
556,4499
557,4526
558,4553
559,4434
560,4347
561,4316
562,4512
563,4509
564,4565
565,4594
566,4535
567,4586
568,4576
569,4485
570,4536
571,4565
572,4523
573,4495
574,4381
575,4355
576,4209
577,4236
578,4171
579,4261
580,3971
581,3983
582,4069
583,4056
584,4090
585,4014
586,4029
587,3985
588,3936
589,3960
590,4003
591,3934
592,3995
593,3938
594,3970
595,3886
596,3865
597,3858
598,3846
599,3891
600,3833
601,3741
602,3763
603,3783
604,3620
605,3784
606,3676
607,3706
608,3751
609,3787
610,3637
611,3699
612,3641
613,3694
614,3731
615,3537
616,3540
617,3604
618,3600
619,3677
620,3564
621,3507
622,3556
623,3604
624,3525
625,3623
626,3634
627,3572
628,3513
629,3481
630,3462
631,3650
632,3731
633,3808
634,3913
635,4192
636,4244
637,4474
638,4278
639,4250
640,4319
641,4212
642,4239
643,4100
644,3839
645,3658
646,3434
647,3278
648,3268
649,3317
650,3255
651,3304
652,3352
653,3272
654,3196
655,3436
656,3252
657,3269
658,3196
659,3150
660,3202
661,3169
662,3196
663,3156
664,3100
665,3241
666,3138
667,3088
668,3136
669,3083
670,3234
671,3140
672,3184
673,3222
674,3217
675,3322
676,3614
677,3767
678,3868
679,4392
680,4668
681,5373
682,6097
683,7353
684,9573
685,13373
686,18801
687,24464
688,27524
689,27387
690,26039
691,24930
692,24786
693,24404
694,23754
695,19946
696,13755
697,7917
698,4489
699,3243
700,2727
701,2755
702,2732
703,2808
704,2675
705,2780
706,2771
707,2696
708,2709
709,2765
710,2595
711,2681
712,2740
713,2691
714,2641
715,2627
716,2684
717,2636
718,2747
719,2548
720,2633
721,2710
722,2568
723,2629
724,2650
725,2611
726,2640
727,2596
728,2670
729,2664
730,2724
731,2757
732,2861
733,2932
734,3148
735,3584
736,4101
737,4775
738,5322
739,5425
740,5282
741,5173
742,5100
743,5078
744,5055
745,4746
746,3916
747,3235
748,2772
749,2533
750,2491
751,2542
752,2470
753,2391
754,2462
755,2503
756,2518
757,2526
758,2433
759,2451
760,2365
761,2466
762,2441
763,2489
764,2376
765,2435
766,2443
767,2368
768,2399
769,2406
770,2376
771,2439
772,2501
773,2350
774,2385
775,2350
776,2411
777,2293
778,2378
779,2307
780,2433
781,2402
782,2404
783,2417
784,2424
785,2340
786,2438
787,2394
788,2319
789,2355
790,2426
791,2445
792,2377
793,2396
794,2412
795,2376
796,2445
797,2407
798,2425
799,2401
800,2436
801,2451
802,2438
803,2395
804,2352
805,2270
806,2370
807,2388
808,2361
809,2376
810,2410
811,2419
812,2336
813,2358
814,2332
815,2454
816,2322
817,2306
818,2324
819,2291
820,2339
821,2317
822,2380
823,2367
824,2275
825,2346
826,2335
827,2356
828,2284
829,2378
830,2391
831,2404
832,2321
833,2292
834,2481
835,2388
836,2467
837,2421
838,2401
839,2357
840,2391
841,2335
842,2416
843,2327
844,2358
845,2296
846,2236
847,2400
848,2221
849,2297
850,2279
851,2332
852,2236
853,2254
854,2240
855,2217
856,2296
857,2313
858,2271
859,2266
860,2257
861,2343
862,2234
863,2319
864,2209
865,2244
866,2274
867,2199
868,2313
869,2332
870,2245
871,2195
872,2264
873,2224
874,2264
875,2250
876,2216
877,2241
878,2281
879,2297
880,2206
881,2241
882,2248
883,2256
884,2199
885,2289
886,2231
887,2217
888,2277
889,2278
890,2300
891,2426
892,2265
893,2345
894,2414
895,2558
896,2674
897,2907
898,3360
899,3441
900,3809
901,3774
902,3740
903,3560
904,3569
905,3494
906,3443
907,3176
908,2917
909,2490
910,2285
911,2227
912,2203
913,2119
914,2136
915,2110
916,2090
917,2121
918,2113
919,2064
920,2111
921,2095
922,2232
923,2124
924,2047
925,2077
926,2107
927,2101
928,2110
929,2003
930,2145
931,2038
932,2058
933,2097
934,2107
935,2162
936,2058
937,2034
938,2070
939,2109
940,2081
941,2059
942,2140
943,2116
944,2018
945,2080
946,2159
947,2041
948,2127
949,2099
950,2084
951,2089
952,2023
953,2126
954,2075
955,2117
956,2159
957,2125
958,2178
959,2028
960,2026
961,2088
962,2074
963,2116
964,2003
965,2142
966,2090
967,2012
968,1995
969,2003
970,2013
971,2063
972,2089
973,2019
974,2041
975,1951
976,1999
977,2016
978,2014
979,1934
980,2080
981,1945
982,1994
983,2097
984,1999
985,1982
986,2062
987,2045
988,2028
989,2071
990,1954
991,2093
992,2007
993,2018
994,2037
995,2062
996,1965
997,2019
998,2075
999,2123
1000,2166
1001,2277
1002,2358
1003,2470
1004,2563
1005,2712
1006,3068
1007,3373
1008,4062
1009,4944
1010,6201
1011,7752
1012,8597
1013,8511
1014,8245
1015,8249
1016,7975
1017,7789
1018,7495
1019,6736
1020,5339
1021,3699
1022,2652
1023,2156
1024,1955
1025,2023
1026,1943
1027,1965
1028,1939
1029,1936
1030,2024
1031,1943
1032,2035
1033,1981
1034,2004
1035,2004
1036,1930
1037,2007
1038,1900
1039,1991
1040,1959
1041,1943
1042,1923
1043,2042
1044,1891
1045,1912
1046,1968
1047,1893
1048,1876
1049,1929
1050,1834
1051,1939
1052,1853
1053,1853
1054,1886
1055,1880
1056,1929
1057,1923
1058,1928
1059,1929
1060,1838
1061,1884
1062,1871
1063,1911
1064,1954
1065,1979
1066,1915
1067,1948
1068,1911
1069,1940
1070,1933
1071,1969
1072,1875
1073,1918
1074,1866
1075,1954
1076,1895
1077,1951
1078,1930
1079,1909
1080,1985
1081,1967
1082,1966
1083,1927
1084,2017
1085,1945
1086,1937
1087,1887
1088,1923
1089,1882
1090,1906
1091,1938
1092,1887
1093,1899
1094,1877
1095,2021
1096,1939
1097,1970
1098,1927
1099,1971
1100,1926
1101,1973
1102,1987
1103,2067
1104,2079
1105,1952
1106,2226
1107,2184
1108,2284
1109,2559
1110,2746
1111,3008
1112,3292
1113,3511
1114,3486
1115,3455
1116,3351
1117,3388
1118,3370
1119,3290
1120,2976
1121,2754
1122,2287
1123,2168
1124,1970
1125,1941
1126,2008
1127,1952
1128,1963
1129,1984
1130,2026
1131,2086
1132,2043
1133,1996
1134,1955
1135,2009
1136,2029
1137,2065
1138,2039
1139,2081
1140,2023
1141,2105
1142,2271
1143,2331
1144,2504
1145,2648
1146,2751
1147,2720
1148,2659
1149,2564
1150,2613
1151,2634
1152,2620
1153,2416
1154,2224
1155,2137
1156,2109
1157,1982
1158,2003
1159,1962
1160,1976
1161,1977
1162,1964
1163,1933
1164,1912
1165,2035
1166,1934
1167,1927
1168,1888
1169,2013
1170,1990
1171,2044
1172,2010
1173,2033
1174,1997
1175,2083
1176,1998
1177,2087
1178,2013
1179,2100
1180,1999
1181,1986
1182,1998
1183,1919
1184,2023
1185,2089
1186,1954
1187,2053
1188,1955
1189,2086
1190,2028
1191,2075
1192,2054
1193,2080
1194,2110
1195,1971
1196,2037
1197,2059
1198,2090
1199,2066
1200,2074
1201,2059
1202,2064
1203,2060
1204,2051
1205,2061
1206,1980
1207,2085
1208,2014
1209,2107
1210,2044
1211,2058
1212,2032
1213,1963
1214,2089
1215,2019
1216,2051
1217,2056
1218,2079
1219,2095
1220,2039
1221,2061
1222,1995
1223,2070
1224,2079
1225,2092
1226,2123
1227,2145
1228,2187
1229,2071
1230,2103
1231,2160
1232,2093
1233,2215
1234,2009
1235,2100
1236,2047
1237,2093
1238,2135
1239,2068
1240,2143
1241,2011
1242,2092
1243,2100
1244,2056
1245,2064
1246,2158
1247,2036
1248,2128
1249,2065
1250,2112
1251,2074
1252,2105
1253,2096
1254,2102
1255,2100
1256,2068
1257,2090
1258,2052
1259,2075
1260,2120
1261,2115
1262,2112
1263,2101
1264,2112
1265,2143
1266,2127
1267,2171
1268,2129
1269,2176
1270,2154
1271,2210
1272,2155
1273,2147
1274,2220
1275,2117
1276,2128
1277,2150
1278,2047
1279,2129
1280,2148
1281,2109
1282,2166
1283,2146
1284,2057
1285,2142
1286,2076
1287,2135
1288,2152
1289,2125
1290,2155
1291,2152
1292,2090
1293,2086
1294,2170
1295,2125
1296,2141
1297,2219
1298,2349
1299,2461
1300,2539
1301,2625
1302,3003
1303,3287
1304,3815
1305,4485
1306,5367
1307,6002
1308,6180
1309,6162
1310,5988
1311,5768
1312,5605
1313,5416
1314,5007
1315,4194
1316,3252
1317,2431
1318,2061
1319,1883
1320,1787
1321,1746
1322,1716
1323,1716
1324,1810
1325,1732
1326,1793
1327,1708
1328,1817
1329,1761
1330,1714
1331,1725
1332,1708
1333,1728
1334,1737
1335,1765
1336,1685
1337,1803
1338,1765
1339,1587
1340,1725
1341,1693
1342,1742
1343,1675
1344,1771
1345,1634
1346,1727
1347,1757
1348,1750
1349,1719
1350,1824
1351,1697
1352,1711
1353,1737
1354,1714
1355,1764
1356,1680
1357,1787
1358,1714
1359,1679
1360,1685
1361,1742
1362,1760
1363,1745
1364,1751
1365,1743
1366,1768
1367,1653
1368,1662
1369,1746
1370,1724
1371,1727
1372,1675
1373,1702
1374,1678
1375,1722
1376,1681
1377,1646
1378,1671
1379,1677
1380,1741
1381,1667
1382,1671
1383,1736
1384,1695
1385,1588
1386,1620
1387,1645
1388,1662
1389,1613
1390,1660
1391,1646
1392,1719
1393,1681
1394,1586
1395,1691
1396,1688
1397,1719
1398,1703
1399,1793
1400,1736
1401,1844
1402,1916
1403,1999
1404,2113
1405,2318
1406,2549
1407,3033
1408,3391
1409,3618
1410,4059
1411,3990
1412,3825
1413,3687
1414,3652
1415,3548
1416,3389
1417,3096
1418,2521
1419,1984
1420,1781
1421,1630
1422,1624
1423,1631
1424,1575
1425,1645
1426,1585
1427,1576
1428,1626
1429,1572
1430,1559
1431,1646
1432,1591
1433,1586
1434,1503
1435,1584
1436,1571
1437,1521
1438,1544
1439,1563
1440,1473
1441,1503
1442,1617
1443,1565
1444,1541
1445,1519
1446,1544
1447,1541
1448,1493
1449,1564
1450,1509
1451,1562
1452,1493
1453,1579
1454,1555
1455,1593
1456,1592
1457,1564
1458,1607
1459,1569
1460,1573
1461,1569
1462,1550
1463,1580
1464,1638
1465,1610
1466,1610
1467,1703
1468,1801
1469,1751
1470,1860
1471,1771
1472,1681
1473,1717
1474,1739
1475,1747
1476,1641
1477,1565
1478,1501
1479,1571
1480,1467
1481,1461
1482,1454
1483,1485
1484,1493
1485,1493
1486,1434
1487,1469
1488,1518
1489,1450
1490,1423
1491,1488
1492,1524
1493,1404
1494,1525
1495,1470
1496,1518
1497,1508
1498,1505
1499,1480
1500,1535
1501,1482
1502,1543
1503,1531
1504,1497
1505,1539
1506,1680
1507,1658
1508,1754
1509,1905
1510,1970
1511,1914
1512,1977
1513,1897
1514,1959
1515,1877
1516,1857
1517,1857
1518,1667
1519,1577
1520,1460
1521,1431
1522,1403
1523,1357
1524,1323
1525,1286
1526,1364
1527,1269
1528,1243
1529,1199
1530,1194
1531,1195
1532,1196
1533,1162
1534,1124
1535,1154
1536,1181
1537,1076
1538,1106
1539,1201
1540,1094
1541,1111
1542,1006
1543,1119
1544,996
1545,1037
1546,1045
1547,1035
1548,1072
1549,1024
1550,1080
1551,1001
1552,998
1553,1020
1554,989
1555,1101
1556,984
1557,935
1558,1000
1559,968
1560,1055
1561,1043
1562,1071
1563,913
1564,973
1565,899
1566,983
1567,901
1568,984
1569,922
1570,931
1571,976
1572,974
1573,948
1574,960
1575,937
1576,903
1577,938
1578,928
1579,960
1580,941
1581,887
1582,892
1583,915
1584,937
1585,936
1586,907
1587,897
1588,958
1589,911
1590,860
1591,932
1592,896
1593,893
1594,941
1595,905
1596,853
1597,891
1598,904
1599,846
1600,878
1601,858
1602,871
1603,814
1604,842
1605,820
1606,836
1607,809
1608,809
1609,805
1610,756
1611,772
1612,818
1613,749
1614,804
1615,820
1616,770
1617,760
1618,756
1619,744
1620,744
1621,750
1622,782
1623,801
1624,764
1625,732
1626,771
1627,801
1628,730
1629,783
1630,737
1631,754
1632,741
1633,746
1634,688
1635,747
1636,707
1637,787
1638,754
1639,762
1640,747
1641,722
1642,787
1643,805
1644,794
1645,846
1646,854
1647,916
1648,929
1649,966
1650,1016
1651,1217
1652,1318
1653,1513
1654,1770
1655,2147
1656,2435
1657,2640
1658,2689
1659,2705
1660,2540
1661,2466
1662,2400
1663,2251
1664,1951
1665,1536
1666,1157
1667,933
1668,733
1669,747
1670,638
1671,646
1672,637
1673,624
1674,615
1675,606
1676,620
1677,616
1678,628
1679,645
1680,618
1681,628
1682,601
1683,576
1684,589
1685,602
1686,623
1687,692
1688,606
1689,610
1690,588
1691,597
1692,568
1693,603
1694,641
1695,625
1696,582
1697,611
1698,624
1699,642
1700,643
1701,635
1702,682
1703,701
1704,774
1705,789
1706,865
1707,1043
1708,1022
1709,1055
1710,1006
1711,998
1712,953
1713,963
1714,975
1715,901
1716,826
1717,756
1718,608
1719,543
1720,489
1721,512
1722,502
1723,509
1724,552
1725,550
1726,507
1727,555
1728,516
1729,497
1730,534
1731,520
1732,555
1733,549
1734,551
1735,582
1736,639
1737,643
1738,662
1739,685
1740,726
1741,748
1742,838
1743,897
1744,1118
1745,1226
1746,1343
1747,1643
1748,1797
1749,2291
1750,2643
1751,3366
1752,4033
1753,5070
1754,6291
1755,8001
1756,10404
1757,13678
1758,16901
1759,18781
1760,19600
1761,19304
1762,18408
1763,17548
1764,16909
1765,16004
1766,13863
1767,10232
1768,6653
1769,3687
1770,1828
1771,995
1772,652
1773,520
1774,480
1775,432
1776,462
1777,453
1778,440
1779,460
1780,456
1781,460
1782,399
1783,414
1784,432
1785,437
1786,432
1787,441
1788,427
1789,448
1790,422
1791,387
1792,395
1793,425
1794,412
1795,444
1796,400
1797,406
1798,389
1799,400
1800,400
1801,367
1802,375
1803,398
1804,374
1805,362
1806,397
1807,367
1808,360
1809,379
1810,403
1811,373
1812,401
1813,399
1814,405
1815,379
1816,365
1817,419
1818,429
1819,412
1820,457
1821,472
1822,461
1823,515
1824,475
1825,483
1826,465
1827,446
1828,466
1829,395
1830,397
1831,386
1832,355
1833,360
1834,343
1835,357
1836,331
1837,365
1838,345
1839,353
1840,387
1841,398
1842,394
1843,436
1844,421
1845,429
1846,497
1847,568
1848,593
1849,667
1850,740
1851,819
1852,993
1853,1175
1854,1365
1855,1600
1856,2038
1857,2446
1858,3256
1859,3884
1860,4262
1861,4324
1862,4303
1863,4137
1864,3934
1865,3786
1866,3455
1867,3078
1868,2214
1869,1532
1870,950
1871,552
1872,416
1873,376
1874,337
1875,299
1876,333
1877,348
1878,321
1879,344
1880,359
1881,326
1882,328
1883,329
1884,329
1885,337
1886,330
1887,319
1888,279
1889,299
1890,292
1891,304
1892,311
1893,297
1894,272
1895,300
1896,320
1897,300
1898,291
1899,293
1900,279
1901,285
1902,247
1903,259
1904,263
1905,293
1906,297
1907,315
1908,283
1909,273
1910,310
1911,309
1912,307
1913,304
1914,333
1915,344
1916,347
1917,418
1918,413
1919,501
1920,537
1921,593
1922,705
1923,820
1924,1019
1925,1194
1926,1275
1927,1237
1928,1210
1929,1135
1930,1098
1931,1119
1932,1035
1933,910
1934,759
1935,509
1936,425
1937,319
1938,250
1939,281
1940,293
1941,291
1942,286
1943,267
1944,284
1945,306
1946,240
1947,252
1948,279
1949,278
1950,260
1951,295
1952,252
1953,236
1954,250
1955,275
1956,245
1957,261
1958,267
1959,270
1960,269
1961,275
1962,262
1963,269
1964,296
1965,266
1966,247
1967,272
1968,250
1969,263
1970,262
1971,282
1972,282
1973,269
1974,278
1975,288
1976,321
1977,337
1978,337
1979,359
1980,391
1981,380
1982,415
1983,447
1984,475
1985,545
1986,622
1987,695
1988,856
1989,980
1990,1058
1991,1271
1992,1563
1993,1830
1994,2283
1995,2682
1996,3230
1997,3874
1998,4886
1999,6083
2000,7755
2001,10094
2002,12777
2003,15393
2004,17426
2005,18167
2006,17752
2007,16802
2008,16341
2009,15811
2010,14215
2011,12410
2012,9081
2013,6092
2014,3198
2015,1586
2016,836
2017,402
2018,327
2019,269
2020,252
2021,234
2022,252
2023,245
2024,236
2025,231
2026,232
2027,254
2028,249
2029,228
2030,223
2031,262
2032,243
2033,248
2034,270
2035,238
2036,266
2037,277
2038,324
2039,310
2040,355
2041,392
2042,416
2043,447
2044,488
2045,576
2046,689
2047,774
2048,939
2049,1122
2050,1320
2051,1626
2052,2070
2053,2510
2054,2846
2055,2930
2056,3066
2057,2915
2058,2850
2059,2772
2060,2552
2061,2303
2062,1858
2063,1411
2064,819
2065,508
2066,306
2067,257
2068,186
2069,184
2070,204
2071,185
2072,178
2073,180
2074,170
2075,169
2076,175
2077,170
2078,171
2079,190
2080,183
2081,163
2082,164
2083,170
2084,188
2085,154
2086,170
2087,165
2088,162
2089,190
2090,172
2091,179
2092,174
2093,184
2094,148
2095,162
2096,177
2097,181
2098,164
2099,158
2100,172
2101,156
2102,188
2103,179
2104,192
2105,156
2106,188
2107,171
2108,147
2109,189
2110,176
2111,156
2112,169
2113,171
2114,180
2115,196
2116,184
2117,175
2118,189
2119,174
2120,195
2121,196
2122,192
2123,214
2124,203
2125,197
2126,197
2127,198
2128,195
2129,187
2130,146
2131,184
2132,169
2133,167
2134,154
2135,162
2136,135
2137,139
2138,149
2139,162
2140,140
2141,119
2142,147
2143,146
2144,145
2145,170
2146,162
2147,152
2148,135
2149,117
2150,145
2151,134
2152,142
2153,134
2154,157
2155,184
2156,152
2157,194
2158,179
2159,190
2160,193
2161,182
2162,221
2163,244
2164,281
2165,338
2166,335
2167,359
2168,369
2169,326
2170,311
2171,308
2172,349
2173,291
2174,241
2175,221
2176,184
2177,157
2178,146
2179,128
2180,136
2181,132
2182,134
2183,123
2184,143
2185,132
2186,149
2187,135
2188,125
2189,155
2190,143
2191,132
2192,134
2193,121
2194,135
2195,132
2196,154
2197,147
2198,132
2199,139
2200,128
2201,140
2202,178
2203,152
2204,184
2205,135
2206,132
2207,151
2208,142
2209,143
2210,146
2211,145
2212,167
2213,168
2214,174
2215,197
2216,208
2217,237
2218,221
2219,216
2220,239
2221,198
2222,200
2223,206
2224,183
2225,155
2226,141
2227,120
2228,129
2229,116
2230,125
2231,112
2232,99
2233,93
2234,105
2235,99
2236,111
2237,113
2238,127
2239,100
2240,111
2241,97
2242,108
2243,98
2244,96
2245,96
2246,106
2247,101
2248,113
2249,98
2250,115
2251,131
2252,107
2253,115
2254,108
2255,100
2256,125
2257,106
2258,115
2259,101
2260,107
2261,108
2262,104
2263,116
2264,99
2265,121
2266,120
2267,99
2268,120
2269,95
2270,115
2271,90
2272,119
2273,100
2274,103
2275,102
2276,110
2277,103
2278,100
2279,104
2280,102
2281,103
2282,92
2283,102
2284,102
2285,95
2286,120
2287,103
2288,104
2289,106
2290,90
2291,100
2292,101
2293,103
2294,115
2295,106
2296,115
2297,115
2298,113
2299,102
2300,82
2301,92
2302,103
2303,112
2304,91
2305,103
2306,98
2307,98
2308,107
2309,89
2310,103
2311,106
2312,108
2313,101
2314,89
2315,112
2316,110
2317,110
2318,124
2319,115
2320,97
2321,129
2322,103
2323,108
2324,141
2325,110
2326,119
2327,116
2328,108
2329,94
2330,106
2331,103
2332,115
2333,105
2334,122
2335,108
2336,124
2337,121
2338,130
2339,115
2340,136
2341,140
2342,154
2343,168
2344,183
2345,200
2346,265
2347,290
2348,327
2349,339
2350,490
2351,573
2352,687
2353,771
2354,781
2355,828
2356,799
2357,770
2358,693
2359,712
2360,656
2361,513
2362,377
2363,291
2364,188
2365,121
2366,89
2367,96
2368,81
2369,85
2370,96
2371,73
2372,78
2373,91
2374,83
2375,78
2376,106
2377,83
2378,96
2379,86
2380,91
2381,90
2382,81
2383,77
2384,88
2385,82
2386,82
2387,73
2388,85
2389,94
2390,75
2391,89
2392,81
2393,75
2394,92
2395,78
2396,87
2397,69
2398,85
2399,79
2400,82
2401,70
2402,64
2403,71
2404,70
2405,73
2406,78
2407,75
2408,74
2409,77
2410,90
2411,73
2412,92
2413,76
2414,64
2415,83
2416,75
2417,72
2418,85
2419,62
2420,80
2421,92
2422,74
2423,81
2424,76
2425,71
2426,60
2427,74
2428,73
2429,84
2430,87
2431,80
2432,83
2433,75
2434,74
2435,72
2436,86
2437,78
2438,83
2439,57
2440,60
2441,78
2442,89
2443,91
2444,71
2445,95
2446,77
2447,68
2448,69
2449,91
2450,77
2451,86
2452,92
2453,76
2454,99
2455,117
2456,117
2457,124
2458,136
2459,158
2460,140
2461,199
2462,167
2463,170
2464,207
2465,156
2466,174
2467,156
2468,146
2469,136
2470,106
2471,96
2472,100
2473,84
2474,79
2475,63
2476,60
2477,62
2478,61
2479,75
2480,81
2481,74
2482,56
2483,56
2484,68
2485,58
2486,53
2487,74
2488,62
2489,78
2490,61
2491,74
2492,60
2493,70
2494,71
2495,73
2496,61
2497,77
2498,67
2499,62
2500,66
2501,86
2502,63
2503,84
2504,75
2505,79
2506,72
2507,87
2508,77
2509,66
2510,81
2511,75
2512,77
2513,80
2514,75
2515,75
2516,79
2517,74
2518,75
2519,63
2520,69
2521,63
2522,76
2523,46
2524,53
2525,55
2526,54
2527,46
2528,56
2529,62
2530,62
2531,66
2532,50
2533,58
2534,47
2535,50
2536,53
2537,53
2538,55
2539,59
2540,46
2541,68
2542,61
2543,54
2544,59
2545,68
2546,45
2547,47
2548,49
2549,57
2550,47
2551,62
2552,64
2553,44
2554,61
2555,63
2556,62
2557,57
2558,51
2559,54
2560,58
2561,47
2562,65
2563,52
2564,48
2565,63
2566,45
2567,48
2568,55
2569,46
2570,45
2571,55
2572,58
2573,58
2574,52
2575,51
2576,54
2577,62
2578,58
2579,47
2580,37
2581,38
2582,55
2583,57
2584,54
2585,55
2586,55
2587,41
2588,47
2589,39
2590,56
2591,48
2592,35
2593,44
2594,47
2595,62
2596,38
2597,46
2598,40
2599,52
2600,49
2601,51
2602,41
2603,46
2604,32
2605,42
2606,55
2607,37
2608,56
2609,46
2610,52
2611,36
2612,49
2613,50
2614,47
2615,47
2616,50
2617,37
2618,51
2619,42
2620,48
2621,49
2622,54
2623,61
2624,49
2625,42
2626,43
2627,39
2628,49
2629,36
2630,50
2631,55
2632,51
2633,56
2634,44
2635,37
2636,46
2637,47
2638,43
2639,40
2640,47
2641,39
2642,44
2643,44
2644,43
2645,36
2646,61
2647,38
2648,36
2649,41
2650,43
2651,51
2652,41
2653,43
2654,56
2655,44
2656,43
2657,51
2658,38
2659,53
2660,43
2661,45
2662,38
2663,51
2664,35
2665,44
2666,45
2667,44
2668,44
2669,45
2670,49
2671,36
2672,31
2673,33
2674,27
2675,46
2676,34
2677,45
2678,46
2679,49
2680,45
2681,31
2682,41
2683,54
2684,51
2685,37
2686,38
2687,63
2688,37
2689,35
2690,37
2691,47
2692,46
2693,45
2694,45
2695,40
2696,49
2697,46
2698,53
2699,46
2700,43
2701,36
2702,36
2703,43
2704,46
2705,35
2706,36
2707,32
2708,42
2709,44
2710,33
2711,35
2712,42
2713,43
2714,33
2715,36
2716,37
2717,45
2718,26
2719,51
2720,40
2721,40
2722,43
2723,31
2724,30
2725,41
2726,28
2727,41
2728,40
2729,34
2730,36
2731,39
2732,28
2733,31
2734,27
2735,35
2736,33
2737,33
2738,41
2739,48
2740,39
2741,36
2742,43
2743,34
2744,34
2745,29
2746,44
2747,45
2748,55
2749,50
2750,56
2751,49
2752,52
2753,54
2754,39
2755,63
2756,56
2757,46
2758,35
2759,49
2760,37
2761,43
2762,42
2763,46
2764,39
2765,32
2766,52
2767,35
2768,45
2769,47
2770,58
2771,49
2772,65
2773,64
2774,67
2775,89
2776,84
2777,60
2778,66
2779,91
2780,66
2781,50
2782,68
2783,43
2784,47
2785,37
2786,23
2787,27
2788,30
2789,34
2790,36
2791,37
2792,28
2793,26
2794,40
2795,36
2796,28
2797,28
2798,29
2799,37
2800,43
2801,42
2802,33
2803,33
2804,26
2805,34
2806,40
2807,41
2808,32
2809,36
2810,46
2811,41
2812,41
2813,42
2814,34
2815,24
2816,34
2817,44
2818,35
2819,46
2820,22
2821,34
2822,27
2823,30
2824,35
2825,39
2826,25
2827,43
2828,39
2829,29
2830,27
2831,55
2832,34
2833,53
2834,37
2835,47
2836,63
2837,54
2838,66
2839,66
2840,75
2841,79
2842,77
2843,80
2844,59
2845,64
2846,70
2847,60
2848,65
2849,37
2850,38
2851,32
2852,28
2853,29
2854,36
2855,25
2856,31
2857,33
2858,28
2859,25
2860,22
2861,35
2862,37
2863,30
2864,33
2865,26
2866,35
2867,34
2868,39
2869,28
2870,19
2871,32
2872,34
2873,25
2874,31
2875,31
2876,31
2877,29
2878,39
2879,37
2880,24
2881,30
2882,31
2883,32
2884,30
2885,25
2886,25
2887,39
2888,23
2889,26
2890,30
2891,23
2892,25
2893,25
2894,26
2895,43
2896,29
2897,34
2898,26
2899,29
2900,35
2901,31
2902,27
2903,29
2904,35
2905,26
2906,19
2907,26
2908,26
2909,20
2910,26
2911,40
2912,27
2913,32
2914,37
2915,25
2916,28
2917,26
2918,26
2919,27
2920,31
2921,28
2922,20
2923,26
2924,29
2925,29
2926,32
2927,32
2928,25
2929,26
2930,30
2931,29
2932,25
2933,29
2934,25
2935,26
2936,32
2937,21
2938,16
2939,26
2940,28
2941,23
2942,25
2943,31
2944,29
2945,25
2946,26
2947,21
2948,25
2949,24
2950,28
2951,30
2952,26
2953,18
2954,20
2955,21
2956,34
2957,29
2958,21
2959,25
2960,13
2961,22
2962,28
2963,35
2964,22
2965,23
2966,32
2967,25
2968,31
2969,27
2970,19
2971,33
2972,23
2973,17
2974,19
2975,12
2976,34
2977,17
2978,37
2979,17
2980,23
2981,30
2982,26
2983,31
2984,28
2985,20
2986,26
2987,30
2988,18
2989,30
2990,19
2991,23
2992,21
2993,17
2994,23
2995,17
2996,16
2997,25
2998,23
2999,19
3000,20
3001,29
3002,17
3003,19
3004,35
3005,21
3006,23
3007,22
3008,21
3009,39
3010,28
3011,18
3012,24
3013,20
3014,24
3015,21
3016,23
3017,13
3018,29
3019,19
3020,20
3021,19
3022,29
3023,27
3024,14
3025,23
3026,23
3027,26
3028,31
3029,26
3030,23
3031,37
3032,27
3033,26
3034,27
3035,20
3036,22
3037,21
3038,22
3039,23
3040,26
3041,17
3042,21
3043,23
3044,11
3045,25
3046,20
3047,16
3048,30
3049,19
3050,23
3051,24
3052,27
3053,29
3054,24
3055,24
3056,34
3057,32
3058,36
3059,27
3060,31
3061,26
3062,43
3063,50
3064,46
3065,52
3066,58
3067,56
3068,67
3069,66
3070,76
3071,93
3072,116
3073,125
3074,171
3075,187
3076,214
3077,198
3078,195
3079,168
3080,208
3081,173
3082,158
3083,143
3084,95
3085,75
3086,57
3087,43
3088,28
3089,30
3090,20
3091,20
3092,28
3093,13
3094,15
3095,23
3096,10
3097,20
3098,13
3099,21
3100,23
3101,17
3102,18
3103,14
3104,16
3105,13
3106,22
3107,15
3108,14
3109,19
3110,19
3111,23
3112,13
3113,16
3114,14
3115,16
3116,25
3117,17
3118,17
3119,17
3120,21
3121,18
3122,17
3123,16
3124,17
3125,16
3126,20
3127,13
3128,19
3129,25
3130,23
3131,16
3132,15
3133,15
3134,20
3135,17
3136,16
3137,15
3138,17
3139,17
3140,27
3141,17
3142,19
3143,18
3144,16
3145,23
3146,23
3147,18
3148,17
3149,23
3150,14
3151,20
3152,29
3153,24
3154,28
3155,25
3156,20
3157,16
3158,18
3159,27
3160,15
3161,26
3162,29
3163,21
3164,32
3165,25
3166,21
3167,22
3168,37
3169,32
3170,26
3171,46
3172,24
3173,46
3174,50
3175,52
3176,56
3177,41
3178,49
3179,49
3180,62
3181,57
3182,53
3183,43
3184,39
3185,28
3186,31
3187,16
3188,20
3189,15
3190,12
3191,9
3192,21
3193,15
3194,13
3195,15
3196,16
3197,13
3198,15
3199,13
3200,14
3201,16
3202,18
3203,16
3204,11
3205,12
3206,15
3207,11
3208,18
3209,9
3210,13
3211,10
3212,19
3213,14
3214,20
3215,20
3216,14
3217,13
3218,11
3219,16
3220,15
3221,12
3222,11
3223,17
3224,13
3225,12
3226,16
3227,13
3228,14
3229,19
3230,10
3231,16
3232,14
3233,12
3234,16
3235,13
3236,16
3237,17
3238,14
3239,13
3240,12
3241,15
3242,10
3243,14
3244,19
3245,17
3246,16
3247,17
3248,23
3249,18
3250,13
3251,12
3252,19
3253,14
3254,10
3255,13
3256,21
3257,18
3258,14
3259,20
3260,18
3261,18
3262,10
3263,13
3264,17
3265,8
3266,20
3267,16
3268,24
3269,18
3270,9
3271,17
3272,12
3273,9
3274,11
3275,10
3276,16
3277,6
3278,10
3279,13
3280,15
3281,15
3282,8
3283,12
3284,6
3285,17
3286,11
3287,14
3288,14
3289,15
3290,15
3291,11
3292,13
3293,20
3294,14
3295,17
3296,12
3297,17
3298,15
3299,14
3300,10
3301,17
3302,14
3303,18
3304,7
3305,10
3306,13
3307,10
3308,14
3309,11
3310,13
3311,18
3312,10
3313,11
3314,14
3315,10
3316,17
3317,12
3318,8
3319,13
3320,11
3321,11
3322,11
3323,13
3324,9
3325,9
3326,19
3327,8
3328,10
3329,14
3330,10
3331,9
3332,8
3333,11
3334,6
3335,13
3336,7
3337,11
3338,8
3339,6
3340,10
3341,12
3342,12
3343,11
3344,12
3345,9
3346,11
3347,7
3348,7
3349,12
3350,5
3351,10
3352,6
3353,9
3354,8
3355,6
3356,9
3357,9
3358,7
3359,3
3360,11
3361,8
3362,14
3363,8
3364,7
3365,14
3366,12
3367,10
3368,5
3369,7
3370,13
3371,7
3372,8
3373,7
3374,8
3375,7
3376,9
3377,9
3378,11
3379,11
3380,8
3381,10
3382,12
3383,8
3384,10
3385,7
3386,11
3387,8
3388,10
3389,4
3390,5
3391,13
3392,12
3393,8
3394,3
3395,5
3396,11
3397,12
3398,7
3399,10
3400,6
3401,13
3402,7
3403,6
3404,7
3405,8
3406,13
3407,10
3408,9
3409,9
3410,4
3411,8
3412,5
3413,3
3414,13
3415,5
3416,4
3417,4
3418,5
3419,15
3420,10
3421,8
3422,9
3423,14
3424,14
3425,5
3426,3
3427,7
3428,6
3429,8
3430,8
3431,7
3432,7
3433,8
3434,9
3435,10
3436,7
3437,11
3438,6
3439,4
3440,10
3441,8
3442,8
3443,6
3444,6
3445,7
3446,9
3447,9
3448,9
3449,18
3450,14
3451,11
3452,11
3453,12
3454,16
3455,7
3456,15
3457,15
3458,16
3459,26
3460,19
3461,21
3462,23
3463,23
3464,26
3465,35
3466,45
3467,45
3468,50
3469,67
3470,77
3471,82
3472,92
3473,81
3474,90
3475,87
3476,79
3477,70
3478,72
3479,56
3480,57
3481,24
3482,16
3483,17
3484,16
3485,8
3486,10
3487,9
3488,3
3489,8
3490,6
3491,4
3492,4
3493,8
3494,14
3495,6
3496,5
3497,6
3498,8
3499,7
3500,5
3501,10
3502,10
3503,2
3504,10
3505,5
3506,8
3507,14
3508,8
3509,10
3510,8
3511,6
3512,7
3513,9
3514,16
3515,8
3516,9
3517,12
3518,14
3519,13
3520,13
3521,9
3522,10
3523,17
3524,16
3525,12
3526,26
3527,20
3528,25
3529,35
3530,29
3531,32
3532,52
3533,59
3534,55
3535,64
3536,96
3537,79
3538,75
3539,83
3540,85
3541,71
3542,87
3543,72
3544,83
3545,53
3546,36
3547,21
3548,24
3549,11
3550,13
3551,13
3552,9
3553,7
3554,2
3555,6
3556,6
3557,8
3558,0
3559,5
3560,5
3561,5
3562,4
3563,4
3564,9
3565,5
3566,8
3567,5
3568,7
3569,5
3570,5
3571,2
3572,6
3573,5
3574,4
3575,7
3576,5
3577,7
3578,10
3579,8
3580,5
3581,9
3582,2
3583,5
3584,3
3585,4
3586,5
3587,7
3588,7
3589,5
3590,3
3591,2
3592,6
3593,5
3594,3
3595,4
3596,1
3597,2
3598,3
3599,4
3600,5
3601,4
3602,7
3603,6
3604,2
3605,1
3606,3
3607,3
3608,6
3609,4
3610,5
3611,6
3612,5
3613,3
3614,7
3615,1
3616,3
3617,2
3618,4
3619,3
3620,3
3621,8
3622,3
3623,5
3624,4
3625,1
3626,2
3627,5
3628,6
3629,3
3630,4
3631,6
3632,7
3633,3
3634,5
3635,4
3636,3
3637,2
3638,4
3639,1
3640,3
3641,8
3642,4
3643,9
3644,1
3645,1
3646,2
3647,6
3648,2
3649,3
3650,2
3651,4
3652,4
3653,5
3654,3
3655,3
3656,2
3657,4
3658,4
3659,3
3660,4
3661,6
3662,4
3663,4
3664,3
3665,2
3666,6
3667,7
3668,6
3669,3
3670,3
3671,5
3672,5
3673,2
3674,1
3675,1
3676,4
3677,8
3678,4
3679,1
3680,3
3681,2
3682,3
3683,0
3684,2
3685,4
3686,5
3687,7
3688,4
3689,3
3690,5
3691,5
3692,5
3693,7
3694,5
3695,4
3696,6
3697,4
3698,3
3699,7
3700,3
3701,7
3702,2
3703,6
3704,6
3705,3
3706,2
3707,2
3708,5
3709,2
3710,4
3711,4
3712,2
3713,1
3714,5
3715,5
3716,3
3717,2
3718,3
3719,4
3720,9
3721,2
3722,4
3723,7
3724,5
3725,2
3726,4
3727,3
3728,4
3729,4
3730,2
3731,2
3732,2
3733,6
3734,2
3735,4
3736,1
3737,3
3738,3
3739,3
3740,1
3741,2
3742,6
3743,0
3744,6
3745,4
3746,4
3747,3
3748,3
3749,7
3750,4
3751,7
3752,6
3753,10
3754,8
3755,9
3756,4
3757,6
3758,6
3759,4
3760,7
3761,9
3762,12
3763,9
3764,11
3765,10
3766,18
3767,14
3768,25
3769,19
3770,32
3771,33
3772,42
3773,30
3774,33
3775,44
3776,37
3777,42
3778,40
3779,34
3780,29
3781,25
3782,13
3783,7
3784,5
3785,6
3786,8
3787,5
3788,0
3789,4
3790,5
3791,1
3792,4
3793,3
3794,7
3795,2
3796,2
3797,3
3798,5
3799,3
3800,3
3801,0
3802,3
3803,3
3804,2
3805,1
3806,3
3807,2
3808,3
3809,2
3810,4
3811,2
3812,3
3813,3
3814,1
3815,1
3816,0
3817,5
3818,5
3819,1
3820,2
3821,4
3822,0
3823,0
3824,4
3825,1
3826,3
3827,2
3828,2
3829,4
3830,3
3831,1
3832,2
3833,2
3834,3
3835,2
3836,1
3837,3
3838,1
3839,2
3840,2
3841,2
3842,1
3843,1
3844,3
3845,2
3846,5
3847,6
3848,1
3849,1
3850,1
3851,3
3852,4
3853,0
3854,2
3855,2
3856,2
3857,2
3858,2
3859,4
3860,1
3861,5
3862,2
3863,4
3864,5
3865,3
3866,4
3867,3
3868,7
3869,8
3870,10
3871,5
3872,12
3873,7
3874,10
3875,13
3876,11
3877,11
3878,11
3879,2
3880,6
3881,8
3882,5
3883,0
3884,9
3885,1
3886,0
3887,0
3888,0
3889,2
3890,0
3891,4
3892,2
3893,0
3894,4
3895,3
3896,3
3897,1
3898,3
3899,1
3900,1
3901,0
3902,2
3903,2
3904,2
3905,2
3906,4
3907,1
3908,2
3909,1
3910,0
3911,0
3912,5
3913,1
3914,0
3915,0
3916,1
3917,1
3918,1
3919,0
3920,2
3921,2
3922,1
3923,1
3924,0
3925,3
3926,1
3927,3
3928,3
3929,2
3930,0
3931,1
3932,3
3933,4
3934,2
3935,0
3936,3
3937,2
3938,2
3939,0
3940,2
3941,1
3942,0
3943,0
3944,2
3945,2
3946,0
3947,2
3948,2
3949,1
3950,1
3951,2
3952,1
3953,1
3954,3
3955,2
3956,1
3957,2
3958,2
3959,3
3960,2
3961,1
3962,4
3963,3
3964,0
3965,2
3966,0
3967,1
3968,1
3969,2
3970,3
3971,1
3972,2
3973,3
3974,2
3975,3
3976,2
3977,1
3978,1
3979,2
3980,2
3981,2
3982,0
3983,1
3984,1
3985,1
3986,2
3987,1
3988,3
3989,0
3990,1
3991,2
3992,0
3993,1
3994,1
3995,2
3996,2
3997,2
3998,1
3999,2
4000,3
4001,3
4002,1
4003,1
4004,1
4005,3
4006,1
4007,2
4008,3
4009,3
4010,0
4011,3
4012,2
4013,1
4014,1
4015,2
4016,2
4017,2
4018,2
4019,2
4020,0
4021,2
4022,1
4023,0
4024,0
4025,0
4026,0
4027,0
4028,0
4029,2
4030,0
4031,0
4032,0
4033,1
4034,1
4035,0
4036,1
4037,1
4038,1
4039,0
4040,1
4041,1
4042,0
4043,4
4044,2
4045,3
4046,4
4047,0
4048,0
4049,3
4050,2
4051,0
4052,1
4053,0
4054,1
4055,2
4056,1
4057,1
4058,1
4059,0
4060,0
4061,2
4062,0
4063,1
4064,3
4065,1
4066,0
4067,1
4068,0
4069,2
4070,0
4071,3
4072,1
4073,0
4074,0
4075,1
4076,2
4077,0
4078,2
4079,1
4080,1
4081,1
4082,0
4083,1
4084,0
4085,1
4086,0
4087,0
4088,1
4089,1
4090,2
4091,1
4092,1
4093,0
4094,1
4095,1
4096,0
4097,0
4098,0
4099,0
